<?xml version="1.0" encoding="UTF-8"?>
<project-private xmlns="http://www.netbeans.org/ns/project-private/1">
    <editor-bookmarks xmlns="http://www.netbeans.org/ns/editor-bookmarks/2" lastBookmarkId="0"/>
    <open-files xmlns="http://www.netbeans.org/ns/projectui-open-files/2">
        <group>
            <file>file:/C:/xampp/htdocs/IPD15-2018-PHP/quiz2auctions/bidding.html</file>
            <file>file:/C:/xampp/htdocs/IPD15-2018-PHP/quiz2auctions/additem.html</file>
            <file>file:/C:/xampp/htdocs/IPD15-2018-PHP/quiz2auctions/api.php</file>
        </group>
    </open-files>
</project-private>
